accuracy,precision,recall,f1,mcc,roc_auc
0.9101582440020418,0.7,0.8944444444444445,0.7853658536585366,0.7383845899372815,0.9576071850462095
