accuracy,precision,recall,f1,mcc,roc_auc
0.7933673469387755,0.4470588235294118,0.5277777777777778,0.4840764331210191,0.357912384886224,0.7970052083333333
